Generation,Best Score,Average Score,Best Lap Time,Laps,Average Laps,TPS,Time Spent,Last Mutate Rate,Last Evolution,Father Rank
1885,120000.0,15948.373333333333,7811.0,12.0,0.5788888888888889,43,213.56499576568604,r,-,0
1886,10000.0,4441.037777777778,7170.0,1.0,0.21777777777777776,35,327.6518371105194,m,0.2,105
1887,10000.0,5531.232222222222,7170.0,1.0,0.3466666666666667,28,385.2481732368469,i,-,0
1888,10000.0,5904.004444444445,7170.0,1.0,0.39,23,425.714243888855,p,-,0
1889,10000.0,5107.652222222222,6959.0,1.0,0.27555555555555555,27,353.35229110717773,m,0.02,30
1890,10000.0,5084.426666666666,6959.0,1.0,0.2633333333333333,30,328.2563691139221,i,-,0
1891,10000.0,4893.09,6959.0,1.0,0.23,31,314.5206160545349,p,-,0
1892,10000.0,4866.711111111111,6903.0,1.0,0.19666666666666666,29,319.62940216064453,m,0.05,32
1893,10000.0,4846.325555555555,6881.0,1.0,0.20555555555555555,29,333.39423394203186,m,0.02,0
