Generation,Best Score,Average Score,Best Lap Time,Laps,Average Laps,TPS,Time Spent,Last Mutate Rate,Last Evolution,Father Rank
1885,110000.0,23069.47333333333,5650.0,11.0,1.9277777777777778,26,336.17658376693726,r,-,0
1886,10000.0,6324.26,5377.0,1.0,0.5266666666666666,22,397.74558115005493,c,-,65
1887,10000.0,6703.295555555555,5304.0,1.0,0.5677777777777778,19,389.5922269821167,m,0.02,0
1888,10000.0,6700.431111111111,5244.0,1.0,0.5588888888888889,18,404.8979392051697,m,0.05,0
1889,10000.0,6186.977777777778,5244.0,1.0,0.48777777777777775,22,327.43414521217346,i,-,0
1890,10000.0,5770.004444444445,5228.0,1.0,0.42444444444444446,28,303.0954329967499,n,0.02,9
1891,10000.0,5907.493333333333,5215.0,1.0,0.42777777777777776,24,300.1539258956909,m,0.1,7
1892,10000.0,5544.17,5150.0,1.0,0.37777777777777777,21,303.04677510261536,n,0.1,113
1893,10000.0,5230.014444444444,5150.0,1.0,0.3522222222222222,21,286.47414779663086,i,-,0
