Generation,Best Score,Average Score,Best Lap Time,Laps,Average Laps,TPS,Time Spent,Last Mutate Rate,Last Evolution,Father Rank
1121,230000.0,47958.10333333333,5196.0,23.0,4.726666666666667,2821,20.63410711288452,r,-,0
1122,10000.0,8930.905,5273.0,1.0,0.8483333333333334,3080,19.775763034820557,n,0.2,80
1123,10000.0,8370.255,5161.0,1.0,0.7533333333333333,2860,18.817885875701904,n,0.05,94
1124,10000.0,8370.255,5161.0,1.0,0.7533333333333333,3174,16.918510675430298,r,-,0
1125,10000.0,7614.163333333333,5104.0,1.0,0.635,3082,16.695948839187622,m,0.1,42
1126,10000.0,7668.94,5104.0,1.0,0.6333333333333333,2981,17.371484994888306,i,-,0
1127,10000.0,7405.871666666667,5055.0,1.0,0.5783333333333334,2002,24.231470108032227,c,-,46
