Generation,Best Score,Average Score,Best Lap Time,Laps,Average Laps,TPS,Time Spent,Last Mutate Rate,Last Evolution,Father Rank
113,290000.0,49202.252,11416.0,29.0,3.1786666666666665,4051,39.50075626373291,r,-,0
114,10000.0,5367.62,11416.0,1.0,0.352,5430,29.46830105781555,r,-,0
115,10000.0,5367.62,11416.0,1.0,0.352,5301,30.186156034469604,r,-,0
