Generation,Best Score,Average Score,Best Lap Time,Laps,Average Laps,TPS,Time Spent,Last Mutate Rate,Last Evolution,Father Rank
625,200000.0,31454.4,17798.0,20.0,2.645,4199,53.774118185043335,r,-,0
626,10000.0,5051.49,13025.0,1.0,0.38333333333333336,4588,49.92323017120361,n,0.2,46
