Generation,Best Score,Average Score,Best Lap Time,Laps,Average Laps,TPS,Time Spent,Last Mutate Rate,Last Evolution,Father Rank
1885,140000.0,25144.87888888889,7316.0,14.0,1.8588888888888888,36,346.88836669921875,r,-,0
1886,10000.0,7182.271111111111,7087.0,1.0,0.5955555555555555,29,479.55859899520874,n,0.02,58
1887,10000.0,7546.913333333333,6881.0,1.0,0.6711111111111111,25,475.85480213165283,c,-,44
1888,10000.0,6901.612222222222,6807.0,1.0,0.6111111111111112,24,423.41590189933777,m,0.1,3
1889,10000.0,6273.934444444444,6615.0,1.0,0.5422222222222223,36,372.78926515579224,n,0.1,60
1890,10000.0,6365.791111111111,6588.0,1.0,0.5533333333333333,28,348.9314398765564,m,0.05,0
1891,10000.0,6195.836666666667,6546.0,1.0,0.5144444444444445,24,355.8315260410309,c,-,2
1892,10000.0,5461.33,6546.0,1.0,0.4311111111111111,27,319.7245457172394,i,-,0
