Generation,Best Score,Average Score,Best Lap Time,Laps,Average Laps,TPS,Time Spent,Last Mutate Rate,Last Evolution,Father Rank
1885,70000.0,12367.84111111111,6435.0,7.0,0.3488888888888889,42,219.93077182769775,r,-,0
1886,10000.0,4246.817777777777,6058.0,1.0,0.23777777777777778,32,322.8101108074188,n,0.1,92
1887,10000.0,5374.077777777778,6058.0,1.0,0.3711111111111111,26,391.1463391780853,i,-,0
1888,10000.0,5704.263333333333,5977.0,1.0,0.41888888888888887,26,422.21748518943787,m,0.05,4
1889,10000.0,6048.163333333333,5977.0,1.0,0.4588888888888889,22,388.06265807151794,i,-,0
1890,10000.0,6676.061111111111,5915.0,1.0,0.5366666666666666,22,364.77169394493103,m,0.05,0
1891,10000.0,6467.007777777778,5891.0,1.0,0.5166666666666667,21,342.6281280517578,m,0.2,116
1892,10000.0,6550.366666666667,5842.0,1.0,0.5133333333333333,19,374.4876890182495,m,0.2,2
1893,10000.0,6161.653333333334,5840.0,1.0,0.48,20,347.4380989074707,m,0.02,2
