Generation,Best Score,Average Score,Best Lap Time,Laps,Average Laps,TPS,Time Spent,Last Mutate Rate,Last Evolution,Father Rank
0,2721.05,465.71566666666666,0.0,0.15,0.008,1027,21.551846981048584,r,-,0
1,3000.0,1428.5493333333334,0.0,0.2,0.06833333333333333,949,27.57163906097412,i,-,0
2,2820.8,1498.4193333333333,0.0,0.15,0.07733333333333334,444,26.850159883499146,m,0.05,15
3,2129.55,911.8883333333333,0.0,0.15,0.033,435,23.299684762954712,m,0.05,6
4,1669.4,1054.0266666666666,0.0,0.1,0.054000000000000006,692,18.235399961471558,r,-,0
5,2406.8,1184.804,0.0,0.15,0.036333333333333336,362,29.842077255249023,m,0.1,30
6,2146.6,1264.9540000000002,0.0,0.15,0.05433333333333333,616,24.70727515220642,r,-,0
7,1993.25,1146.4173333333333,0.0,0.1,0.038,740,24.818215131759644,n,0.02,5
