Generation,Best Score,Average Score,Best Lap Time,Laps,Average Laps,TPS,Time Spent,Last Mutate Rate,Last Evolution,Father Rank
749,120000.0,24923.513333333332,8592.0,12.0,0.9,3140,29.391072034835815,r,-,0
750,10000.0,5431.045,8345.0,1.0,0.28,3098,28.980862140655518,m,0.1,124
751,10000.0,5719.783333333334,7871.0,1.0,0.3433333333333333,3136,28.47075319290161,m,0.05,4
752,10000.0,5543.305,7871.0,1.0,0.3416666666666667,3273,27.504591703414917,i,-,0
753,10000.0,5459.116666666667,7871.0,1.0,0.3333333333333333,3261,26.31367588043213,p,-,0
754,10000.0,5057.261666666666,7561.0,1.0,0.295,3386,25.543229818344116,n,0.02,2
755,10000.0,4915.41,7537.0,1.0,0.265,3269,26.657679080963135,c,-,12
