Generation,Best Score,Average Score,Best Lap Time,Laps,Average Laps,TPS,Time Spent,Last Mutate Rate,Last Evolution,Father Rank
1153,240000.0,79830.111,5947.0,24.0,7.396,2806,26.021048069000244,r,-,0
1154,10000.0,9038.091,5811.0,1.0,0.84,2544,28.121875047683716,m,0.2,269
