Generation,Best Score,Average Score,Best Lap Time,Laps,Average Laps,TPS,Time Spent,Last Mutate Rate,Last Evolution,Father Rank
1273,220000.0,79847.572,5038.0,22.0,7.842666666666666,4518,14.118736982345581,r,-,0
1274,10000.0,8482.513333333334,4608.0,1.0,0.8,4263,14.529167890548706,m,0.2,37
1275,10000.0,8370.878666666667,4486.0,1.0,0.7586666666666667,3823,14.255959033966064,n,0.05,56
1276,10000.0,7904.010666666667,4423.0,1.0,0.6986666666666667,4004,12.55884599685669,m,0.2,8
1277,10000.0,7393.036,4337.0,1.0,0.624,4152,11.398972988128662,m,0.02,13
1278,10000.0,7451.521333333333,4307.0,1.0,0.6213333333333333,4027,11.63830828666687,m,0.02,2
1279,10000.0,7290.357333333333,4212.0,1.0,0.596,4040,11.021805047988892,n,0.05,45
